{
    "recall": 0.7755102040816326,
    "precision": 0.8735632183908046,
    "f1_score": 0.8216216216216217
}